{"cameraMode":{"drawMode":0,"name":"Shaded","section":"Shading Mode"},"sceneLighting":false,"audioPlay":false,"sceneViewState":{"showFog":true,"showMaterialUpdate":false,"showSkybox":false,"showFlares":true,"showImageEffects":true,"showParticleSystems":true},"in2DMode":false,"pivot":{"x":1.503292441368103,"y":1.8764352798461915,"z":0.2112455815076828},"rotation":{"x":0.255799263715744,"y":0.3781931400299072,"z":-0.10956786572933197,"w":0.882917046546936},"size":0.8659514784812927,"orthographic":false}